{
	"id": "sistema-comedores-env",
	"name": "Sistema Comedores - Development",
	"values": [
		{
			"key": "base_url",
			"value": "http://localhost:8080",
			"type": "default",
			"enabled": true
		},
		{
			"key": "access_token",
			"value": "",
			"type": "secret",
			"enabled": true
		},
		{
			"key": "refresh_token",
			"value": "",
			"type": "secret",
			"enabled": true
		},
		{
			"key": "test_email",
			"value": "juan.perez@fi.uba.ar",
			"type": "default",
			"enabled": true
		},
		{
			"key": "test_password",
			"value": "SecurePass123",
			"type": "secret",
			"enabled": true
		}
	],
	"_postman_variable_scope": "environment",
	"_postman_exported_at": "2025-10-20T00:00:00.000Z",
	"_postman_exported_using": "Postman/10.0.0"
}